Postcode, Households, Children / Family, Motor Vehicles / Dwelling, People / Household, Families, Female, Male, Median Age, Median monthly mortgage, Median weekly household income, Median weekly rent, People
2000, 12687, 1.3, 0.5, 2.1, 3992, 11034, 11726, 29, 2600, 1422, 600, 22760
2006, 25, 3, 0.7, 3.7, 6, 631, 525, 20, 0, 1750, 0, 1156
2007, 3506, 1.4, 0.5, 2, 1140, 3467, 3644, 27, 2280, 1099, 460, 7111
2008, 3138, 1.5, 0.7, 2.1, 1067, 2900, 3394, 29, 2200, 1459, 454, 6294
2009, 6225, 1.4, 0.9, 2.1, 2870, 5707, 5912, 32, 2778, 2184, 575, 11619
2010, 15315, 1.4, 0.6, 1.8, 4810, 10609, 14794, 34, 2500, 1796, 450, 25403
2011, 12717, 1.4, 0.7, 1.6, 3187, 8285, 9753, 36, 2200, 1523, 400, 18038
2015, 4440, 1.5, 1.1, 2, 2082, 4055, 4374, 33, 2500, 2053, 475, 8429
2016, 6578, 1.4, 0.8, 1.9, 2316, 5276, 6759, 36, 2518, 1447, 380, 12035
2017, 8058, 1.4, 0.9, 1.9, 2937, 6766, 7702, 32, 2557, 1184, 430, 14468
2018, 6216, 1.7, 1.2, 2.6, 3978, 7690, 7708, 36, 2167, 1197, 355, 15398
2019, 3313, 1.8, 1.6, 2.8, 2316, 4502, 4399, 37, 2524, 1626, 350, 8901
2020, 4074, 1.7, 1.4, 2.6, 2763, 5078, 5102, 35, 2600, 1481, 450, 10180
2021, 7714, 1.6, 1.1, 2, 3107, 7387, 6851, 35, 3033, 2114, 495, 14238
2022, 5675, 1.7, 1.1, 2.2, 2685, 5914, 5681, 36, 3000, 1785, 515, 11595
2023, 4651, 1.9, 1.6, 2.5, 2520, 5430, 5336, 36, 3250, 2566, 508, 10766
2024, 4909, 1.8, 1.3, 2.4, 2585, 5810, 5267, 37, 3033, 2049, 480, 11077
2025, 3739, 1.7, 1.3, 2.1, 1774, 3941, 3239, 40, 3033, 2181, 550, 7180
2026, 15673, 1.7, 1.1, 2.2, 6643, 15087, 15309, 33, 3000, 1910, 500, 30396
2027, 4533, 1.6, 1.3, 1.9, 1709, 3906, 3399, 44, 3000, 2276, 590, 7305
2028, 2540, 1.7, 1.2, 2.1, 1100, 2638, 2049, 38, 3000, 2287, 550, 4687
2029, 4475, 1.7, 1.4, 2.3, 2446, 5055, 4347, 37, 2884, 1906, 500, 9402
2030, 5398, 2, 1.8, 2.8, 3611, 7151, 6762, 39, 3467, 2422, 531, 13913
2031, 14778, 1.7, 1.2, 2.3, 7809, 16943, 15377, 35, 2600, 1857, 460, 32320
2032, 6515, 1.7, 1.1, 2.5, 3405, 7644, 7621, 31, 2500, 1138, 420, 15265
2033, 4643, 1.7, 1.2, 2.4, 2355, 5426, 5538, 31, 2600, 1512, 435, 10964
2034, 9462, 1.7, 1.2, 2.2, 4533, 9941, 9152, 35, 2708, 1885, 455, 19093
2035, 14218, 1.7, 1.4, 2.5, 8461, 17202, 16032, 37, 2600, 1432, 420, 33234
2036, 10122, 1.8, 1.5, 2.7, 6765, 12982, 13913, 39, 2500, 1234, 310, 26895
2037, 7160, 1.6, 0.9, 2, 3011, 7232, 6609, 34, 2869, 1418, 350, 13841
2038, 4149, 1.6, 1.2, 2.2, 2144, 4544, 4125, 36, 2924, 2086, 450, 8669
2039, 3783, 1.6, 1.3, 2.3, 2155, 4157, 3762, 36, 3033, 2597, 530, 7919
2040, 9382, 1.6, 1.3, 2.3, 5356, 11060, 9804, 37, 3000, 1911, 440, 20864
2041, 7357, 1.6, 1.2, 2.2, 3880, 7716, 7036, 39, 3142, 2543, 500, 14752
2042, 8872, 1.6, 0.9, 2.1, 3793, 8905, 8816, 33, 2600, 1740, 420, 17721
2043, 3585, 1.5, 1, 2.1, 1769, 3347, 3501, 34, 2600, 2292, 500, 6848
2044, 3105, 1.6, 1.3, 2.4, 1807, 3468, 3722, 36, 2600, 1684, 450, 7190
2045, 2494, 1.8, 1.6, 2.8, 1761, 3416, 3234, 44, 2700, 1732, 380, 6650
2046, 11148, 1.7, 1.5, 2.4, 7046, 13166, 12013, 39, 2817, 1781, 459, 25179
2047, 5271, 1.7, 1.5, 2.3, 2956, 5926, 5453, 39, 2800, 2150, 485, 11379
2048, 3559, 1.6, 1.1, 2.3, 1837, 3903, 3799, 35, 2574, 1803, 390, 7702
2049, 4714, 1.6, 1.1, 2.3, 2447, 5285, 5169, 36, 2600, 1688, 350, 10454
2050, 3876, 1.5, 1, 1.9, 1540, 3243, 3460, 33, 2663, 1950, 495, 6703
2052, 59, 1, 0.5, 2.7, 12, 892, 919, 20, 0, 556, 288, 1811
2060, 7129, 1.5, 1.1, 1.9, 2995, 6373, 5894, 36, 2600, 2117, 470, 12267
2061, 3733, 1.5, 1, 1.8, 1391, 2913, 2767, 39, 2650, 2424, 508, 5680
2062, 3458, 1.6, 1.3, 2.1, 1754, 3566, 3218, 37, 2708, 2235, 480, 6784
2063, 2225, 2, 1.8, 2.9, 1613, 3064, 2868, 40, 3315, 2625, 577, 5932
2064, 3921, 1.6, 1.2, 2.4, 2316, 4441, 4202, 34, 2500, 1909, 460, 8643
2065, 13651, 1.6, 1.2, 2.2, 7263, 14035, 13141, 35, 2713, 2289, 485, 27176
2066, 11524, 1.8, 1.5, 2.5, 7345, 14305, 13319, 37, 2708, 2121, 418, 27624
2067, 9644, 1.6, 1.2, 2.6, 5980, 11850, 10773, 35, 2600, 1658, 495, 22623
2068, 6038, 1.9, 1.6, 2.8, 4304, 8172, 7699, 39, 3105, 2337, 500, 15871
2069, 4781, 1.9, 1.8, 3, 3610, 6852, 6429, 40, 3007, 2563, 531, 13281
2070, 4494, 2, 1.7, 3, 3268, 6361, 5917, 40, 3200, 2532, 555, 12278
2071, 4607, 1.9, 1.8, 2.9, 3300, 6390, 5770, 41, 3119, 2485, 610, 12160
2072, 2479, 1.8, 1.7, 2.8, 1829, 3522, 3070, 41, 3000, 2217, 580, 6592
2073, 5517, 1.9, 1.9, 3.1, 4372, 8336, 7400, 40, 3100, 2611, 600, 15736
2074, 7740, 1.9, 1.8, 2.8, 5733, 10923, 10021, 43, 3000, 2231, 530, 20944
2075, 6762, 1.9, 2, 2.9, 5330, 9632, 9013, 43, 3000, 2513, 690, 18645
2076, 8370, 1.9, 1.8, 2.9, 6355, 12413, 11361, 41, 3000, 2252, 461, 23774
2077, 14346, 1.7, 1.4, 2.6, 9727, 17814, 17085, 36, 2167, 1520, 395, 34899
2079, 2429, 1.9, 1.9, 3, 2001, 3584, 3521, 37, 2500, 1991, 450, 7105
2080, 584, 1.8, 1.8, 2.8, 456, 772, 801, 39, 2247, 1705, 420, 1573
2081, 1732, 2, 1.9, 3.1, 1439, 2568, 2599, 38, 2500, 1962, 400, 5167
2082, 2111, 1.9, 1.9, 2.9, 1633, 2809, 2844, 39, 2182, 1826, 400, 5653
2083, 829, 1.8, 1.6, 2.4, 431, 744, 801, 45, 2141, 1324, 295, 1545
2084, 1218, 2, 2.3, 3.1, 962, 1752, 1782, 41, 2950, 1953, 500, 3534
2085, 3728, 1.9, 2, 2.9, 2979, 5533, 5175, 43, 2903, 1927, 650, 10708
2086, 4468, 1.9, 2, 3.1, 3757, 6615, 6577, 40, 2900, 2136, 650, 13192
2087, 4424, 1.9, 1.8, 2.9, 3412, 6320, 5968, 41, 2800, 1917, 550, 12288
2088, 12895, 1.8, 1.5, 2.3, 7042, 14633, 12820, 40, 3033, 2463, 474, 27453
2089, 6333, 1.5, 1.2, 1.9, 2742, 5848, 5235, 36, 2700, 2177, 471, 11083
2090, 6939, 1.6, 1.3, 2, 3244, 6924, 6101, 38, 3000, 2188, 490, 13025
2092, 2378, 2, 1.9, 3.1, 1834, 3433, 3293, 39, 3500, 2554, 560, 6726
2093, 8641, 1.8, 1.6, 2.7, 5895, 11139, 10473, 38, 2800, 1972, 460, 21612
2094, 2650, 1.7, 1.4, 2.3, 1527, 2855, 2634, 37, 3000, 2208, 500, 5489
2095, 8291, 1.7, 1.2, 2.1, 3675, 7572, 7500, 35, 3000, 2085, 530, 15072
2096, 6288, 1.8, 1.5, 2.4, 3704, 6915, 6960, 35, 2700, 1929, 450, 13875
2097, 5559, 1.9, 1.8, 2.8, 3980, 7300, 7088, 38, 2685, 1864, 471, 14388
2099, 15775, 1.7, 1.5, 2.5, 9931, 18702, 17984, 37, 2500, 1478, 406, 36686
2100, 7041, 1.9, 1.8, 2.9, 5250, 9962, 9481, 40, 2925, 1742, 450, 19443
2101, 7544, 1.8, 1.8, 2.5, 4675, 9128, 8853, 40, 2800, 1560, 430, 17981
2102, 2154, 1.9, 1.9, 2.9, 1690, 3245, 2901, 38, 3000, 1939, 575, 6146
2103, 4106, 1.8, 1.8, 2.6, 2757, 5296, 4870, 42, 2687, 1685, 475, 10166
2104, 1460, 1.9, 1.8, 2.4, 827, 1662, 1431, 53, 2800, 1603, 780, 3093
2105, 809, 1.8, 1.8, 2.7, 546, 911, 923, 45, 3000, 2023, 400, 1834
2106, 3800, 1.8, 1.9, 2.6, 2507, 4560, 4477, 40, 2817, 1776, 440, 9037
2107, 5914, 1.9, 1.9, 2.8, 4053, 7375, 7090, 43, 3000, 1887, 550, 14465
2108, 1432, 1.8, 1.7, 2.3, 510, 938, 961, 53, 3000, 1720, 500, 1899
2109, 333, 1.6, 0.6, 2, 102, 1006, 782, 23, 2074, 558, 225, 1788
2110, 3547, 1.9, 1.8, 2.7, 2343, 4916, 4889, 42, 3171, 2345, 388, 9805
2111, 5880, 1.8, 1.5, 2.4, 3579, 6998, 6426, 39, 2600, 1671, 350, 13424
2112, 11004, 1.8, 1.6, 2.7, 7474, 14196, 13576, 38, 2410, 1469, 361, 27772
2113, 6912, 1.7, 1.5, 2.6, 4442, 8671, 8128, 38, 2400, 1525, 371, 16799
2114, 8990, 1.7, 1.4, 2.5, 5866, 10814, 10664, 35, 2167, 1511, 350, 21478
2115, 3500, 1.8, 1.6, 2.8, 2508, 4770, 4700, 38, 2500, 1294, 250, 9470
2116, 2267, 1.8, 1.6, 2.8, 1649, 3103, 3113, 37, 2288, 1285, 300, 6216
2117, 7413, 1.8, 1.6, 2.7, 4954, 9659, 9359, 38, 2300, 1342, 300, 19018
2118, 7706, 1.8, 1.8, 2.9, 6120, 10977, 10594, 40, 2200, 1571, 405, 21571
2119, 3777, 1.9, 2, 3.1, 3072, 5730, 5172, 43, 2800, 2544, 500, 10902
2120, 6988, 1.9, 1.7, 2.9, 5513, 9986, 9639, 39, 2500, 1987, 410, 19625
2121, 9226, 1.8, 1.6, 2.8, 6861, 12610, 12009, 39, 2396, 1739, 421, 24619
2122, 11357, 1.7, 1.4, 2.7, 7349, 14751, 13792, 35, 2288, 1371, 392, 28543
2125, 5339, 1.9, 2.2, 3.1, 4551, 8155, 7813, 41, 2611, 2449, 480, 15968
2126, 6096, 1.9, 2, 3.2, 5255, 9608, 9170, 40, 2600, 2268, 521, 18778
2127, 3573, 1.6, 1.6, 2.5, 2287, 4068, 4077, 33, 2500, 2118, 486, 8145
2128, 700, 2.1, 1.6, 2.9, 469, 1051, 2111, 32, 2119, 1286, 400, 3162
2129, , , , , , , , , , , , 
2130, 3043, 1.6, 1.1, 2.2, 1605, 3420, 3167, 35, 2090, 1572, 360, 6587
2131, 9383, 1.6, 1.1, 2.4, 5508, 11344, 10845, 35, 2100, 1313, 365, 22189
2132, 3710, 1.8, 1.4, 2.8, 2653, 5390, 4991, 38, 2400, 1508, 390, 10381
2133, 4239, 1.8, 1.5, 2.7, 2909, 5643, 5099, 38, 2167, 1295, 330, 10742
2134, 4750, 1.7, 1.1, 2.7, 3017, 6396, 6070, 32, 2167, 1184, 425, 12466
2135, 8257, 1.8, 1.5, 2.9, 5639, 11516, 11580, 33, 2500, 1464, 420, 23096
2136, 2498, 1.8, 1.6, 2.8, 1787, 3407, 3313, 38, 2380, 1377, 398, 6720
2137, 9400, 1.8, 1.7, 2.7, 6610, 12247, 11770, 38, 2600, 1830, 470, 24017
2138, 5642, 1.7, 1.4, 2.6, 3591, 6857, 6664, 31, 2500, 1716, 530, 13521
2139, 0, 0, 25, 0, 0, 20, 35, 42, 0, 5000, 330, 55
2140, 4730, 1.6, 1.3, 2.7, 3208, 6019, 6494, 30, 2008, 1388, 390, 12513
2141, 8557, 1.9, 1.4, 3.1, 6662, 12617, 12861, 33, 2000, 1153, 350, 25478
2142, 8119, 2, 1.4, 2.9, 5367, 10860, 11664, 30, 1863, 1064, 320, 22524
2143, 2588, 2, 1.5, 3, 1867, 3763, 3698, 35, 1788, 1037, 300, 7461
2144, 10409, 2.1, 1.3, 3.3, 7927, 15863, 17259, 29, 1800, 968, 320, 33122
2145, 26254, 1.8, 1.5, 2.8, 19415, 36084, 35227, 34, 2167, 1380, 350, 71311
2146, 5654, 1.8, 1.7, 2.9, 4343, 7917, 7769, 35, 2015, 1433, 330, 15686
2147, 12991, 1.8, 1.7, 2.8, 9738, 17688, 17385, 36, 2043, 1376, 275, 35073
2148, 21125, 1.9, 1.6, 2.9, 15906, 29480, 29190, 33, 1950, 1222, 320, 58670
2150, 10455, 1.5, 1, 2.5, 6177, 11794, 13019, 30, 1800, 1274, 340, 24813
2151, 7838, 1.8, 1.5, 2.6, 5198, 10031, 10190, 35, 2156, 1450, 340, 20221
2152, 4455, 1.7, 1.5, 2.4, 2835, 5360, 4864, 37, 2300, 1388, 360, 10224
2153, 18150, 1.9, 1.9, 3, 14959, 26747, 25706, 38, 2418, 1905, 430, 52453
2154, 12973, 1.9, 2, 3, 10402, 19575, 18341, 39, 2600, 2059, 456, 37916
2155, 13412, 2, 2.1, 3.4, 11924, 22047, 21981, 33, 2700, 2307, 510, 44028
2156, 4132, 2, 2.5, 3.2, 3463, 6173, 6175, 41, 2800, 2210, 415, 12348
2157, 1248, 2.1, 2.4, 3.1, 1012, 1861, 1850, 40, 2500, 1570, 263, 3711
2158, 2864, 2, 2.3, 3, 2263, 4271, 4018, 42, 2775, 2010, 421, 8289
2159, 1669, 2, 2.3, 2.9, 1237, 2327, 2223, 42, 2513, 1679, 300, 4550
2160, 11864, 2, 1.5, 2.9, 8295, 16641, 16205, 32, 1993, 1031, 320, 32846
2161, 9571, 2.2, 1.6, 3.1, 6871, 14134, 14134, 31, 1950, 960, 300, 28268
2162, 5879, 2, 1.6, 3, 4384, 8603, 8383, 36, 1950, 954, 270, 16986
2163, 3258, 2, 1.3, 2.7, 2041, 4323, 4429, 36, 1517, 668, 175, 8752
2164, 6229, 2, 1.7, 3, 4945, 9179, 9185, 37, 2000, 1099, 300, 18364
2165, 13095, 2, 1.5, 3.1, 10400, 20181, 19334, 35, 1781, 896, 295, 39515
2166, 16200, 1.9, 1.4, 3.2, 12944, 25386, 24338, 36, 1517, 857, 250, 49724
2167, 2664, 1.8, 1.6, 2.8, 1997, 3912, 3646, 36, 1965, 1394, 290, 7558
2168, 13248, 2.1, 1.7, 3.3, 10568, 21297, 20615, 32, 1904, 1055, 219, 41912
2170, 32922, 1.9, 1.6, 3, 24656, 48188, 46853, 34, 2037, 1168, 290, 95041
2171, 6950, 2.1, 2.2, 3.6, 6453, 12293, 12099, 31, 2383, 1783, 410, 24392
2172, 682, 2, 2.3, 3.4, 618, 1096, 1165, 34, 2600, 2472, 400, 2261
2173, 4208, 1.9, 1.9, 3.2, 3578, 6490, 6768, 30, 2200, 1935, 360, 13258
2174, 167, 2.1, 2.3, 2.9, 107, 205, 219, 38, 0, 1205, 300, 424
2175, 596, 2.1, 2.4, 3.3, 465, 927, 1009, 39, 3000, 1353, 277, 1936
2176, 13789, 2, 2, 3.4, 12717, 23197, 22866, 37, 2000, 1388, 350, 46063
2177, 4536, 2, 1.9, 3.5, 4043, 7749, 7440, 34, 1950, 1246, 230, 15189
2178, 1528, 2.1, 2.6, 3.3, 1275, 2382, 2441, 35, 2500, 1503, 350, 4823
2179, 1834, 2.1, 2.3, 3, 1320, 2649, 2755, 40, 2000, 1119, 300, 5404
2190, 7879, 2.3, 1.7, 3.3, 6042, 12488, 12221, 32, 2100, 960, 280, 24709
2191, 2193, 1.9, 1.7, 2.9, 1637, 3115, 2928, 38, 2275, 1134, 320, 6043
2192, 4736, 1.9, 1.4, 2.8, 3265, 6294, 6280, 35, 1950, 987, 300, 12574
2193, 5514, 1.7, 1.4, 2.7, 3893, 7060, 6928, 39, 2167, 1394, 350, 13988
2194, 7877, 1.6, 1.2, 2.8, 5712, 10559, 10660, 35, 1733, 945, 320, 21219
2195, 8773, 1.9, 1.3, 3, 6164, 12002, 13206, 30, 1506, 858, 295, 25208
2196, 9899, 2.1, 1.6, 3.2, 7394, 14711, 14885, 33, 2000, 1003, 300, 29596
2197, 2809, 2, 1.7, 3, 2099, 4102, 4073, 36, 2008, 1048, 250, 8175
2198, 2842, 2, 1.9, 3.1, 2327, 4501, 4169, 38, 2167, 1324, 389, 8670
2199, 5340, 2.1, 1.6, 3.1, 3985, 8051, 7953, 35, 1955, 980, 300, 16004
2200, 13680, 2, 1.5, 3.1, 10259, 20430, 20182, 32, 1777, 981, 330, 40612
2203, 5877, 1.7, 1.2, 2.3, 3338, 6758, 6224, 36, 2200, 1540, 360, 12982
2204, 10428, 1.7, 1.2, 2.5, 6171, 12420, 12194, 37, 2330, 1405, 340, 24614
2205, 4807, 1.9, 1.4, 2.8, 3299, 6334, 6512, 33, 2383, 1411, 401, 12846
2206, 6908, 1.8, 1.6, 2.8, 5234, 9368, 8949, 41, 2400, 1370, 400, 18317
2207, 9899, 1.9, 1.6, 2.9, 7359, 14107, 13429, 37, 2200, 1366, 370, 27536
2208, 4278, 1.8, 1.6, 2.9, 3294, 5869, 5647, 40, 2500, 1258, 360, 11516
2209, 5578, 1.8, 1.5, 2.7, 3935, 7634, 6983, 39, 2167, 1173, 320, 14617
2210, 10818, 1.8, 1.6, 2.7, 7551, 14385, 13627, 41, 2167, 1136, 200, 28012
2211, 6126, 1.8, 1.7, 2.7, 4417, 8318, 7892, 40, 2167, 1288, 340, 16210
2212, 5270, 1.8, 1.6, 2.8, 3793, 7437, 6860, 38, 2167, 1247, 320, 14297
2213, 7617, 1.9, 1.7, 2.8, 5623, 10409, 9968, 38, 2253, 1442, 330, 20377
2214, 1332, 1.9, 2.1, 2.9, 1121, 1926, 1918, 38, 2200, 1680, 395, 3844
2216, 10691, 1.7, 1.3, 2.6, 6763, 12943, 13119, 34, 2167, 1257, 380, 26062
2217, 9788, 1.7, 1.4, 2.6, 6436, 12008, 11617, 36, 2167, 1272, 370, 23625
2218, 5998, 1.7, 1.4, 2.7, 4197, 7648, 7529, 36, 2155, 1266, 360, 15177
2219, 5678, 1.7, 1.5, 2.4, 3445, 6551, 5885, 43, 2405, 1259, 365, 12436
2220, 10327, 1.7, 1.3, 2.9, 7706, 14651, 13783, 33, 2000, 1171, 400, 28434
2221, 5695, 1.9, 1.8, 2.9, 4283, 8077, 7706, 40, 2400, 1633, 400, 15783
2222, 4729, 1.7, 1.4, 2.6, 3180, 6077, 5615, 36, 1993, 1303, 340, 11692
2223, 8009, 1.8, 1.6, 2.6, 5490, 10142, 9663, 38, 2200, 1578, 350, 19805
2224, 5374, 1.8, 1.9, 2.7, 3824, 6999, 6430, 42, 2600, 1510, 389, 13429
2225, 1889, 1.9, 2, 3, 1532, 2774, 2654, 38, 2900, 2172, 460, 5428
2226, 4369, 1.9, 1.7, 2.8, 3270, 6031, 5843, 38, 2550, 1874, 310, 11874
2227, 5441, 1.9, 1.8, 2.7, 3975, 7272, 6776, 39, 2600, 1746, 380, 14048
2228, 7329, 1.8, 1.6, 2.5, 4821, 9079, 8523, 39, 2321, 1372, 370, 17602
2229, 11173, 1.9, 1.8, 2.6, 7483, 14159, 13143, 40, 2551, 1541, 370, 27302
2230, 13221, 1.8, 1.6, 2.3, 7247, 13638, 13337, 39, 2400, 1524, 360, 26975
2231, 803, 1.9, 2.1, 3, 629, 1109, 1104, 37, 2600, 1605, 378, 2213
2232, 12899, 1.8, 1.7, 2.5, 8636, 16009, 15253, 38, 2300, 1525, 360, 31262
2233, 10211, 1.9, 2, 3, 8279, 14799, 14505, 37, 2383, 1773, 370, 29304
2234, 9783, 2, 2.3, 3.2, 8607, 15542, 15284, 37, 2383, 2191, 440, 30826
2250, 27227, 1.9, 1.6, 2.5, 17285, 34031, 31601, 39, 1824, 1135, 275, 65632
2251, 14473, 1.9, 1.7, 2.6, 8773, 16581, 15256, 43, 2000, 1149, 300, 31837
2256, 7882, 1.7, 1.3, 2.2, 3963, 7784, 7193, 47, 1800, 882, 250, 14977
2257, 13928, 1.8, 1.5, 2.3, 7595, 14389, 13257, 44, 1837, 891, 280, 27646
2258, 1897, 1.9, 2, 2.8, 1403, 2575, 2533, 37, 1961, 1349, 265, 5108
2259, 21582, 1.9, 1.8, 2.7, 14742, 27633, 26364, 39, 1800, 1014, 275, 53997
2260, 9772, 1.9, 1.9, 2.6, 6029, 11064, 10723, 40, 2167, 1443, 350, 21787
2261, 23888, 1.8, 1.6, 2.5, 13818, 26689, 24314, 40, 1809, 943, 270, 51003
2262, 8532, 1.9, 1.6, 2.6, 5563, 10302, 9849, 38, 1650, 883, 260, 20151
2263, 10820, 1.8, 1.5, 2.3, 5999, 11658, 10721, 44, 1554, 762, 245, 22379
2264, 6049, 1.9, 1.7, 2.4, 3675, 6611, 6509, 45, 1690, 906, 260, 13120
2265, 2025, 2, 1.9, 2.6, 1375, 2788, 2601, 41, 1744, 1049, 220, 5389
2267, 1336, 1.8, 1.7, 2.3, 820, 1372, 1298, 49, 1800, 930, 250, 2670
2278, 925, 2, 2.3, 3, 747, 1330, 1355, 34, 1664, 1391, 280, 2685
2280, 10994, 1.9, 1.8, 2.5, 7570, 13640, 12958, 42, 1920, 1148, 250, 26598
2281, 6250, 1.8, 1.6, 2.4, 3751, 6821, 6595, 46, 1800, 906, 255, 13416
2282, 5862, 1.9, 1.9, 2.6, 4201, 7499, 6962, 42, 1900, 1380, 300, 14461
2283, 9953, 1.8, 1.8, 2.5, 6577, 11760, 11316, 44, 1733, 1027, 250, 23076
2284, 4414, 1.8, 1.7, 2.5, 2879, 5376, 5090, 42, 1600, 994, 250, 10466
2285, 10778, 1.8, 1.8, 2.6, 7805, 14294, 13504, 36, 1756, 1260, 275, 27798
2286, 1308, 1.8, 2, 2.8, 981, 1743, 1705, 36, 1603, 1169, 280, 3448
2287, 13017, 1.8, 1.8, 2.6, 9104, 17029, 16243, 37, 1733, 1228, 280, 33272
2289, 7851, 1.8, 1.7, 2.5, 5313, 9607, 9245, 39, 1900, 1333, 290, 18852
2290, 13321, 1.8, 1.7, 2.5, 9060, 16461, 15716, 40, 1800, 1181, 280, 32177
2291, 6097, 1.8, 1.7, 2.4, 3426, 6762, 6634, 38, 2100, 1537, 300, 13396
2292, 1156, 1.7, 1.4, 2.2, 613, 1178, 1258, 35, 1800, 1131, 270, 2436
2293, 1075, 1.5, 1.4, 2.2, 540, 1029, 1097, 34, 1863, 1208, 300, 2126
2294, 931, 1.6, 1.3, 2.2, 470, 945, 929, 33, 1733, 1056, 280, 1874
2295, 2577, 1.7, 1.5, 2.2, 1491, 2924, 2898, 48, 1850, 900, 250, 5822
2296, 913, 1.7, 1.3, 2.1, 434, 906, 900, 34, 1775, 1150, 280, 1806
2297, 739, 1.7, 1.3, 2.2, 399, 797, 818, 36, 1700, 996, 260, 1615
2298, 4087, 1.7, 1.5, 2.3, 2219, 4970, 4472, 37, 1700, 991, 250, 9442
2299, 4686, 1.7, 1.5, 2.4, 2626, 5553, 5138, 33, 1733, 976, 270, 10691
2300, 5835, 1.6, 1.4, 2, 2222, 4943, 5139, 34, 2050, 1468, 310, 10082
2302, 412, 1.5, 1.3, 1.7, 114, 275, 319, 31, 1950, 1204, 350, 594
2303, 4297, 1.8, 1.4, 2.2, 2213, 4468, 4536, 40, 2000, 1030, 215, 9004
2304, 6644, 1.7, 1.4, 2.3, 3647, 7571, 7395, 38, 1733, 1013, 260, 14966
2305, 5149, 1.8, 1.6, 2.5, 3170, 6152, 5789, 39, 1863, 1337, 285, 11941
2306, 1416, 1.9, 1.1, 2.3, 794, 1639, 1456, 38, 1387, 566, 132, 3095
2307, 1633, 1.8, 1.5, 2.4, 989, 1862, 1843, 35, 1560, 878, 270, 3705
2308, 0, 0, 0, 0, 0, 324, 328, 20, 0, 0, 0, 652
2311, 467, 1.9, 2.1, 2.4, 242, 396, 442, 46, 1560, 937, 160, 838
2312, 642, 2, 1.8, 2.6, 435, 740, 768, 43, 1398, 816, 200, 1508
2314, 0, 0, 0, 0, 0, 20, 147, 24, 0, 0, 0, 167
2315, 8643, 1.8, 1.6, 2.3, 3563, 6917, 6460, 49, 1733, 914, 270, 13377
2316, 2562, 1.9, 1.8, 2.6, 1537, 2745, 2780, 42, 1863, 981, 295, 5525
2317, 3379, 1.8, 1.6, 2.2, 1739, 3234, 2938, 50, 1900, 866, 277, 6172
2318, 4193, 1.9, 2.1, 2.8, 3250, 5751, 5641, 37, 1800, 1381, 250, 11392
2319, 2984, 1.8, 1.6, 2.4, 1829, 3184, 3132, 45, 1500, 864, 250, 6316
2320, 11543, 1.9, 1.9, 2.7, 8045, 14908, 14383, 36, 1800, 1358, 265, 29291
2321, 4214, 1.9, 2.2, 2.8, 3171, 5499, 5425, 39, 1950, 1451, 290, 10924
2322, 6374, 1.9, 1.8, 2.7, 4722, 8342, 8340, 36, 1600, 1206, 240, 16682
2323, 10112, 1.9, 1.8, 2.6, 6868, 12708, 12026, 37, 1733, 1199, 250, 24734
2324, 10776, 1.9, 1.7, 2.5, 6358, 11395, 11141, 41, 1560, 936, 220, 22536
2325, 10834, 1.9, 1.8, 2.5, 6893, 13187, 13036, 38, 1517, 964, 220, 26223
2326, 2787, 1.9, 1.9, 2.6, 1970, 3640, 3530, 37, 1430, 969, 184, 7170
2327, 3181, 1.9, 1.6, 2.5, 2033, 3752, 3606, 38, 1387, 869, 230, 7358
2328, 1038, 1.9, 1.9, 2.5, 622, 1249, 1306, 37, 1500, 1305, 185, 2555
2329, 1110, 2.1, 1.9, 2.4, 566, 1042, 1101, 42, 1148, 867, 125, 2143
2330, 8219, 1.9, 2, 2.7, 5454, 9944, 10515, 34, 1993, 1684, 260, 20459
2333, 5651, 1.9, 1.8, 2.6, 3379, 6378, 6861, 33, 1733, 1430, 240, 13239
2334, 953, 2, 2, 2.8, 666, 1207, 1276, 32, 1733, 1330, 300, 2483
2335, 2093, 2, 2.2, 2.8, 1541, 2713, 2716, 35, 1800, 1644, 310, 5429
2336, 1019, 1.9, 1.9, 2.5, 653, 1130, 1212, 37, 1700, 1389, 185, 2342
2337, 3481, 1.9, 1.8, 2.5, 2080, 3937, 3799, 38, 1796, 1150, 188, 7736
2338, 847, 1.9, 1.8, 2.3, 411, 786, 750, 44, 1213, 812, 89, 1536
2339, 346, 1.9, 2.1, 2.4, 185, 324, 344, 42, 1290, 845, 100, 668
2340, 19398, 1.9, 1.7, 2.5, 12245, 23424, 22275, 38, 1500, 1001, 210, 45699
2341, 857, 1.9, 1.6, 2.3, 479, 852, 877, 45, 1180, 705, 160, 1729
2342, 270, 1.8, 2.1, 2.5, 173, 264, 292, 44, 960, 974, 165, 556
2343, 2198, 1.9, 1.8, 2.4, 1248, 2271, 2256, 43, 1140, 841, 145, 4527
2344, 312, 1.9, 2.3, 2.6, 199, 363, 373, 42, 1517, 1262, 180, 736
2345, 325, 2, 2.2, 2.5, 225, 372, 397, 40, 1200, 1048, 150, 769
2346, 1313, 1.9, 1.7, 2.3, 782, 1421, 1389, 47, 888, 678, 155, 2810
2347, 1024, 1.8, 1.7, 2.1, 519, 956, 923, 51, 867, 623, 100, 1879
2350, 10634, 1.9, 1.7, 2.4, 6094, 12724, 11749, 37, 1452, 1010, 200, 24473
2351, 0, 0, 0, 0, 0, 470, 387, 20, 0, 0, 0, 857
2352, 1129, 1.9, 2, 2.6, 780, 1439, 1372, 41, 1420, 964, 220, 2811
2353, 395, 1.7, 2.2, 2.6, 292, 495, 504, 45, 1517, 1048, 180, 999
2354, 1826, 1.9, 1.9, 2.4, 1011, 1763, 1756, 45, 867, 828, 100, 3519
2355, 429, 2, 2, 2.4, 203, 375, 390, 46, 1083, 713, 0, 765
2357, 2063, 2.1, 1.8, 2.4, 1130, 2235, 2127, 45, 953, 730, 135, 4362
2358, 1808, 2, 1.9, 2.5, 1112, 2062, 1984, 44, 1213, 879, 160, 4046
2359, 286, 1.9, 1.8, 2.5, 160, 297, 306, 44, 934, 636, 140, 603
2360, 6377, 1.9, 1.7, 2.5, 3899, 7400, 7096, 40, 1240, 812, 170, 14496
2361, 445, 2.1, 1.9, 2.4, 236, 443, 442, 50, 625, 665, 120, 885
2365, 1542, 2, 2, 2.5, 910, 1693, 1716, 42, 1172, 879, 160, 3409
2369, 468, 2.4, 1.8, 2.7, 303, 582, 592, 38, 1083, 726, 135, 1174
2370, 3690, 1.9, 1.7, 2.3, 2015, 3840, 3719, 45, 1083, 742, 160, 7559
2371, 402, 2, 1.7, 2.2, 213, 366, 377, 52, 955, 595, 120, 743
2372, 2566, 1.9, 1.8, 2.2, 1328, 2545, 2426, 48, 1148, 724, 160, 4971
2380, 4392, 1.9, 1.8, 2.5, 2656, 5140, 5001, 39, 1300, 950, 195, 10141
2381, 781, 2, 2.1, 2.6, 471, 814, 930, 41, 934, 839, 100, 1744
2382, 539, 2.1, 1.8, 2.6, 315, 597, 591, 41, 1213, 884, 150, 1188
2386, 211, 2.2, 2.2, 2.3, 77, 127, 173, 40, 433, 838, 0, 300
2388, 1502, 2.1, 1.9, 2.5, 785, 1509, 1582, 38, 1083, 917, 120, 3091
2390, 3684, 1.9, 1.9, 2.5, 2226, 4148, 4095, 39, 1350, 1024, 150, 8243
2395, 438, 2.2, 1.7, 2.2, 206, 366, 410, 47, 867, 531, 110, 776
2396, 581, 1.8, 1.9, 2.3, 319, 553, 610, 45, 693, 649, 100, 1163
2397, 194, 2.1, 2.4, 2.4, 111, 193, 215, 41, 433, 1105, 100, 408
2399, 396, 2, 2.3, 2.6, 243, 415, 461, 41, 867, 952, 100, 876
2400, 4715, 1.9, 1.7, 2.5, 2514, 5056, 5160, 36, 1300, 1104, 150, 10216
2401, 155, 1.9, 2.9, 2.5, 94, 155, 167, 40, 1615, 700, 0, 322
2402, 1007, 1.9, 1.9, 2.3, 541, 950, 963, 44, 1000, 735, 105, 1913
2403, 250, 1.8, 2, 2.4, 158, 276, 279, 41, 713, 682, 140, 555
2404, 954, 1.9, 1.6, 2.2, 497, 910, 873, 52, 945, 609, 125, 1783
2405, 265, 1.8, 2.2, 2.5, 141, 240, 311, 38, 450, 1014, 0, 551
2406, 387, 2.2, 1.7, 2.5, 184, 374, 364, 35, 650, 1059, 45, 738
2408, 251, 2, 2.2, 2.6, 112, 185, 238, 34, 433, 1093, 0, 423
2409, 426, 2.4, 1.5, 3.1, 265, 560, 581, 30, 362, 834, 110, 1141
2410, 197, 2.1, 1.8, 2.5, 107, 164, 184, 42, 433, 711, 0, 348
2415, 155, 1.8, 2.3, 2.4, 79, 138, 142, 46, 1940, 890, 170, 280
2420, 1962, 1.8, 1.8, 2.4, 1139, 2070, 1996, 46, 1625, 865, 180, 4066
2421, 628, 2, 2.3, 2.7, 429, 736, 784, 43, 1777, 1308, 155, 1520
2422, 2740, 1.8, 1.7, 2.3, 1485, 2630, 2588, 50, 1473, 795, 160, 5218
2423, 1715, 1.8, 1.8, 2.4, 905, 1568, 1662, 48, 1207, 776, 175, 3230
2424, 273, 1.6, 1.8, 2.4, 128, 250, 298, 46, 1067, 634, 111, 548
2425, 743, 2, 2.1, 2.6, 430, 808, 809, 42, 1404, 913, 170, 1617
2426, 240, 1.9, 1.9, 2.3, 139, 268, 251, 45, 1083, 694, 173, 519
2427, 1533, 1.7, 1.4, 2.1, 725, 1221, 1254, 59, 1500, 638, 225, 2475
2428, 13830, 1.8, 1.4, 2.1, 6342, 11779, 10918, 53, 1430, 705, 220, 22697
2429, 4183, 1.9, 1.8, 2.4, 2614, 4692, 4557, 47, 1300, 786, 185, 9249
2430, 14995, 1.9, 1.6, 2.4, 9001, 16866, 15703, 45, 1300, 780, 200, 32569
2431, 2991, 1.8, 1.5, 2.2, 1417, 2524, 2430, 53, 1408, 711, 225, 4954
2439, 1026, 1.9, 2, 2.6, 726, 1242, 1208, 45, 1430, 880, 250, 2450
2440, 9472, 2, 1.7, 2.5, 5565, 10640, 10732, 42, 1257, 763, 180, 21372
2441, 2757, 1.9, 2, 2.6, 1815, 3068, 3233, 46, 1343, 894, 200, 6301
2443, 4693, 1.8, 1.5, 2.1, 2524, 4525, 4323, 56, 1408, 667, 223, 8848
2444, 20399, 1.8, 1.5, 2.3, 11964, 22419, 20198, 46, 1733, 857, 250, 42617
2445, 2571, 1.9, 1.7, 2.6, 1744, 2996, 2880, 44, 1733, 957, 310, 5876
2446, 5183, 1.9, 1.8, 2.6, 3535, 6408, 6118, 43, 1534, 869, 230, 12526
2447, 3187, 1.9, 1.7, 2.4, 1880, 3492, 3322, 48, 1170, 738, 195, 6814
2448, 4578, 1.8, 1.4, 2.1, 2355, 4555, 4145, 51, 1452, 676, 195, 8700
2449, 1043, 2, 1.8, 2.4, 649, 1112, 1210, 45, 1025, 676, 150, 2322
2450, 17017, 1.8, 1.6, 2.4, 10144, 19692, 18607, 42, 1600, 920, 250, 38299
2452, 6742, 1.8, 1.5, 2.4, 4154, 7883, 7127, 41, 1517, 851, 250, 15010
2453, 1359, 1.9, 1.7, 2.2, 746, 1368, 1337, 48, 1083, 700, 160, 2705
2454, 3344, 1.8, 1.7, 2.5, 2044, 3800, 3551, 43, 1354, 843, 255, 7351
2455, 1568, 1.9, 1.6, 2.2, 881, 1531, 1489, 51, 1300, 730, 224, 3020
2456, 6270, 1.9, 1.7, 2.5, 3922, 6862, 6717, 43, 1517, 880, 260, 13579
2460, 12339, 1.9, 1.7, 2.4, 7722, 14496, 14095, 43, 1300, 807, 200, 28591
2462, 1384, 1.9, 1.8, 2.4, 682, 1236, 1273, 48, 1083, 670, 200, 2509
2463, 3274, 1.9, 1.7, 2.4, 2048, 3650, 3497, 48, 1300, 790, 220, 7147
2464, 4078, 1.8, 1.4, 2.1, 1875, 3443, 3238, 52, 1517, 733, 255, 6681
2465, 172, 1.9, 1.9, 2.5, 98, 179, 177, 43, 1625, 837, 210, 356
2466, 1289, 1.8, 1.4, 2, 504, 859, 843, 57, 986, 577, 200, 1702
2469, 2137, 2, 1.7, 2.4, 1148, 2039, 2207, 47, 953, 647, 130, 4246
2470, 6248, 1.9, 1.6, 2.5, 3975, 7418, 7130, 41, 1300, 806, 200, 14548
2471, 996, 2, 1.9, 2.7, 669, 1301, 1276, 40, 1222, 875, 210, 2577
2472, 829, 1.8, 1.8, 2.3, 477, 823, 907, 44, 1300, 806, 185, 1730
2473, 1859, 1.8, 1.4, 2.1, 808, 1500, 1469, 51, 1309, 696, 228, 2969
2474, 3071, 1.9, 1.7, 2.4, 1746, 3203, 3183, 45, 1213, 729, 180, 6386
2475, 225, 2.2, 1.8, 2.5, 112, 224, 223, 48, 914, 567, 140, 447
2476, 498, 2.1, 1.7, 2.6, 276, 506, 511, 40, 934, 719, 120, 1017
2477, 4778, 1.9, 1.8, 2.4, 3227, 5852, 5393, 46, 1603, 956, 260, 11245
2478, 12698, 1.8, 1.6, 2.3, 7349, 13956, 12813, 45, 1733, 913, 300, 26769
2479, 1972, 1.8, 1.9, 2.6, 1241, 2284, 2254, 43, 1513, 1028, 350, 4538
2480, 19213, 1.9, 1.7, 2.4, 11692, 22665, 21730, 40, 1495, 905, 225, 44395
2481, 5670, 1.6, 1.6, 2.3, 2445, 5373, 5326, 41, 1850, 950, 393, 10699
2482, 2647, 1.8, 1.7, 2.4, 1505, 2972, 2776, 44, 1517, 773, 288, 5748
2483, 4926, 1.7, 1.7, 2.4, 2714, 5123, 4907, 43, 1549, 840, 320, 10030
2484, 7932, 1.9, 1.7, 2.5, 4871, 9233, 8816, 44, 1528, 834, 250, 18049
2485, 7356, 1.6, 1.3, 2, 3462, 7061, 6288, 52, 1725, 732, 280, 13349
2486, 13659, 1.8, 1.6, 2.4, 8635, 16034, 14559, 46, 1842, 868, 310, 30593
2487, 5695, 1.8, 1.6, 2.3, 3005, 5753, 5441, 44, 2037, 896, 310, 11194
2488, 1448, 1.8, 1.7, 2.5, 873, 1593, 1506, 39, 1625, 966, 305, 3099
2489, 2917, 1.9, 1.6, 2.5, 1784, 3228, 3091, 40, 2167, 950, 350, 6319
2490, 287, 1.8, 2, 2.7, 188, 335, 355, 42, 1300, 1107, 280, 690
2500, 17668, 1.7, 1.4, 2.3, 8695, 18195, 18887, 33, 1907, 1006, 270, 37082
2502, 4983, 1.8, 1.4, 2.5, 3164, 5849, 5857, 40, 1625, 766, 180, 11706
2505, 2166, 1.7, 1.4, 2.4, 1335, 2400, 2515, 43, 1733, 809, 200, 4915
2506, 3000, 1.9, 1.6, 2.6, 2018, 3801, 3629, 40, 1625, 884, 165, 7430
2508, 3223, 1.9, 1.9, 3, 2306, 4291, 4361, 36, 2400, 1837, 360, 8652
2515, 4365, 1.9, 1.7, 2.7, 2820, 5292, 5095, 40, 2167, 1702, 360, 10387
2516, 2215, 1.9, 1.7, 2.7, 1559, 2907, 2764, 38, 2299, 1463, 220, 5671
2517, 5334, 1.8, 1.6, 2.5, 3564, 6726, 6230, 40, 2167, 1225, 260, 12956
2518, 8272, 1.8, 1.5, 2.4, 4993, 9575, 9037, 40, 1950, 939, 220, 18612
2519, 6743, 1.8, 1.6, 2.5, 4380, 8212, 8027, 39, 2000, 1066, 260, 16239
2525, 4024, 1.9, 1.8, 2.7, 2965, 5371, 5259, 39, 2000, 1395, 280, 10630
2526, 5773, 1.9, 1.8, 2.8, 4357, 8088, 7742, 38, 1847, 1342, 215, 15830
2527, 7280, 1.9, 1.9, 2.9, 5733, 10534, 10080, 35, 1900, 1318, 280, 20614
2528, 10033, 1.8, 1.5, 2.4, 6489, 11798, 11486, 42, 1733, 819, 215, 23284
2529, 8434, 1.9, 1.9, 2.8, 6388, 11364, 10943, 37, 2000, 1343, 300, 22307
2530, 11240, 1.9, 1.8, 2.7, 8394, 15210, 14510, 38, 1820, 1137, 250, 29720
2533, 6858, 1.8, 1.8, 2.5, 4379, 7584, 7353, 46, 2000, 1246, 300, 14937
2534, 2500, 2, 1.8, 2.6, 1337, 2587, 2402, 44, 1900, 1197, 300, 4989
2535, 3672, 1.8, 1.7, 2.2, 2039, 3606, 3392, 52, 1842, 883, 255, 6998
2536, 11002, 1.9, 1.6, 2.3, 4794, 8961, 8506, 48, 1517, 792, 236, 17467
2537, 6838, 1.8, 1.6, 2.3, 3130, 5509, 5400, 50, 1400, 806, 206, 10909
2538, 985, 1.8, 1.9, 2.4, 599, 1194, 1067, 51, 1636, 892, 230, 2261
2539, 11243, 1.8, 1.6, 2.3, 4780, 8453, 8073, 50, 1321, 747, 235, 16526
2540, 23909, 1.9, 1.7, 2.4, 11490, 20820, 20919, 45, 1532, 847, 230, 41739
2541, 10693, 1.9, 1.5, 2.3, 6302, 12443, 11699, 41, 1400, 812, 195, 24142
2545, 638, 1.8, 1.8, 2.3, 304, 512, 556, 49, 1192, 797, 120, 1068
2546, 5712, 1.8, 1.6, 2.1, 2472, 4411, 4381, 54, 1300, 718, 190, 8792
2548, 4069, 1.8, 1.6, 2.1, 1966, 3606, 3267, 53, 1500, 853, 230, 6873
2549, 1755, 1.8, 1.8, 2.5, 1040, 1820, 1810, 47, 1517, 912, 210, 3630
2550, 7434, 1.9, 1.8, 2.4, 4352, 7933, 7760, 45, 1300, 869, 185, 15693
2551, 1830, 1.8, 1.5, 2.2, 967, 1764, 1688, 48, 1430, 788, 175, 3452
2555, 144, 2.2, 2.2, 3.5, 103, 214, 241, 34, 1733, 1148, 320, 455
2556, 737, 2.1, 2.8, 3.4, 616, 1150, 1237, 37, 2510, 1547, 340, 2387
2557, 1210, 2.2, 2.6, 3.4, 1009, 1946, 2056, 37, 2329, 1359, 335, 4002
2558, 3622, 2, 2, 3.2, 2983, 5624, 5499, 32, 1780, 1514, 300, 11123
2559, 1095, 2.4, 1.2, 3.5, 816, 2025, 1778, 21, 1902, 657, 165, 3803
2560, 25925, 2, 1.7, 2.9, 19387, 36968, 35268, 33, 1842, 1246, 260, 72236
2563, 79, 1.9, 2.3, 2.9, 67, 117, 124, 46, 1842, 1031, 360, 241
2564, 4790, 2, 1.4, 2.9, 3573, 6927, 6448, 33, 1723, 994, 210, 13375
2565, 6050, 1.8, 1.7, 2.8, 4480, 8319, 8267, 36, 1800, 1293, 290, 16586
2566, 7954, 1.9, 1.8, 3.1, 6547, 12187, 11858, 33, 1820, 1385, 280, 24045
2567, 10997, 2, 2, 3.2, 9353, 17235, 16730, 32, 2167, 1841, 375, 33965
2568, 321, 2.1, 2, 2.8, 232, 460, 417, 45, 2334, 1352, 110, 877
2569, 451, 2, 2.4, 3.1, 359, 606, 667, 36, 2000, 1663, 250, 1273
2570, 10283, 2, 2.2, 2.9, 7802, 14516, 13828, 37, 2200, 1635, 320, 28344
2571, 3695, 2, 2.2, 2.9, 2793, 5017, 5124, 37, 2167, 1531, 250, 10141
2572, 1446, 1.9, 2.2, 2.8, 1048, 2015, 1926, 38, 2058, 1402, 270, 3941
2573, 1781, 1.9, 1.8, 2.7, 1262, 2289, 2216, 37, 1993, 1117, 280, 4505
2574, 2018, 2, 2.2, 2.9, 1487, 2712, 2708, 37, 2000, 1271, 265, 5420
2575, 5830, 1.9, 1.9, 2.6, 3782, 7277, 6754, 40, 1798, 1109, 257, 14031
2576, 6106, 1.9, 1.7, 2.4, 3582, 6735, 5975, 50, 2000, 1149, 300, 12710
2577, 6997, 1.9, 1.9, 2.5, 4063, 7529, 7121, 44, 1800, 1072, 240, 14650
2578, 1225, 1.9, 1.7, 2.2, 666, 1282, 1137, 53, 1700, 870, 250, 2419
2579, 1743, 2, 2.1, 2.5, 1006, 1780, 1818, 44, 1733, 1027, 200, 3598
2580, 12739, 1.9, 1.7, 2.4, 7159, 13404, 13708, 41, 1500, 982, 180, 27112
2581, 980, 1.9, 2.2, 2.5, 570, 992, 1005, 43, 1660, 1234, 180, 1997
2583, 2161, 1.9, 2, 2.3, 1137, 2025, 1973, 48, 1300, 824, 135, 3998
2584, 257, 1.8, 1.9, 2.3, 136, 228, 237, 47, 1409, 879, 185, 465
2585, 151, 2.1, 2, 2.4, 76, 155, 184, 48, 1250, 828, 100, 339
2586, 1512, 2, 2, 2.4, 738, 1350, 1375, 45, 1000, 776, 120, 2725
2587, 1362, 2, 1.8, 2.3, 793, 1448, 1379, 47, 1083, 733, 140, 2827
2588, 150, 1.9, 2, 2.5, 79, 165, 140, 46, 1083, 1166, 23, 305
2590, 3368, 1.9, 1.6, 2.3, 1968, 3638, 3472, 46, 1083, 769, 150, 7110
2594, 5068, 2, 1.7, 2.5, 3006, 5890, 5566, 39, 1300, 831, 180, 11456
2611, 9607, 1.8, 1.8, 2.5, 6459, 11871, 11369, 40, 2167, 1839, 332, 23240
2618, 526, 1.9, 2.6, 2.9, 394, 707, 682, 41, 2000, 2125, 300, 1389
2619, 3217, 2, 2.2, 3.1, 2628, 4762, 4658, 34, 2400, 2691, 365, 9420
2620, 15774, 1.8, 1.9, 2.5, 9448, 17925, 18508, 37, 2000, 1522, 270, 36433
2621, 2017, 1.9, 2.3, 2.9, 1518, 2686, 2683, 39, 2252, 2185, 350, 5369
2622, 1807, 1.9, 2, 2.3, 861, 1627, 1631, 45, 1517, 935, 200, 3258
2623, 368, 1.9, 1.9, 2.5, 191, 353, 390, 39, 1469, 1354, 260, 743
2625, 592, 1.2, 1.4, 1.8, 31, 207, 264, 38, 2500, 1213, 46, 471
2626, 232, 1.9, 2, 2.6, 132, 241, 259, 41, 1625, 1463, 215, 500
2627, 2789, 1.9, 2, 2.6, 887, 2030, 2370, 35, 1777, 1315, 260, 4400
2628, 1010, 1.8, 2, 2.4, 497, 862, 944, 44, 1270, 955, 185, 1806
2629, 514, 1.8, 2, 2.1, 165, 273, 312, 51, 990, 796, 100, 585
2630, 4195, 1.9, 1.7, 2.3, 2207, 4179, 4152, 43, 1226, 918, 180, 8331
2631, 490, 1.9, 2, 2.3, 206, 343, 376, 48, 762, 754, 61, 719
2632, 897, 1.9, 1.7, 2.2, 455, 841, 821, 45, 1083, 884, 140, 1662
2633, 291, 1.8, 1.7, 2.1, 124, 208, 244, 51, 910, 672, 100, 452
2640, 14909, 1.9, 1.7, 2.4, 8624, 17466, 16243, 37, 1517, 1131, 200, 33709
2641, 6706, 1.8, 1.6, 2.3, 3751, 7375, 6940, 38, 1300, 853, 180, 14315
2642, 2234, 2.1, 2.2, 2.7, 1373, 2437, 2564, 41, 1300, 1037, 120, 5001
2643, 1177, 1.9, 1.8, 2.4, 739, 1232, 1319, 46, 1290, 880, 220, 2551
2644, 1302, 1.9, 2, 2.4, 704, 1281, 1315, 45, 1083, 905, 140, 2596
2645, 190, 2.1, 1.8, 2, 79, 145, 155, 51, 520, 582, 75, 300
2646, 3311, 2, 1.7, 2.3, 1846, 3458, 3331, 45, 1300, 874, 160, 6789
2647, 1260, 1.9, 1.6, 2.2, 547, 941, 963, 51, 1509, 819, 200, 1904
2648, 1291, 1.9, 1.8, 2.3, 661, 1148, 1355, 47, 1070, 721, 130, 2503
2649, 10, 0, 2.5, 2, 3, 6, 6, 26, 2600, 900, 0, 12
2650, 22890, 2, 1.7, 2.5, 14173, 27890, 26082, 35, 1595, 1145, 225, 53972
2651, 699, 1.9, 1.8, 2.7, 476, 904, 1312, 24, 1300, 1202, 215, 2216
2652, 2222, 2.1, 2.2, 2.6, 1378, 2368, 2483, 42, 1164, 978, 105, 4851
2653, 1080, 2, 1.9, 2.4, 603, 1090, 1246, 42, 1083, 862, 160, 2336
2655, 455, 1.8, 2, 2.5, 289, 538, 516, 43, 1203, 907, 160, 1054
2656, 603, 2.1, 1.9, 2.4, 343, 636, 659, 47, 1000, 802, 70, 1295
2658, 690, 2.1, 2.1, 2.4, 367, 723, 719, 45, 813, 705, 125, 1442
2659, 401, 2.1, 2.1, 2.5, 246, 461, 457, 42, 1300, 1036, 140, 918
2660, 756, 2.1, 1.9, 2.5, 437, 803, 862, 43, 1127, 827, 140, 1665
2661, 89, 2.4, 1.5, 3, 58, 117, 223, 24, 0, 1874, 225, 340
2663, 1673, 2, 1.7, 2.5, 998, 1931, 2647, 38, 1200, 869, 160, 4578
2665, 1152, 2.1, 2, 2.5, 633, 1152, 1185, 44, 650, 709, 85, 2337
2666, 2400, 2, 1.7, 2.4, 1361, 2537, 2522, 45, 1092, 794, 140, 5059
2668, 211, 2.1, 2, 2.4, 104, 201, 205, 43, 867, 652, 80, 406
2669, 957, 2.2, 2.3, 2.6, 544, 960, 1040, 42, 433, 822, 22, 2000
2671, 1892, 2, 1.8, 2.4, 1049, 1987, 1903, 40, 1196, 943, 150, 3890
2672, 732, 2.1, 1.7, 2.5, 402, 735, 742, 36, 791, 848, 103, 1477
2675, 755, 2.1, 2, 2.3, 370, 686, 744, 40, 997, 973, 100, 1430
2680, 9222, 2, 1.8, 2.7, 5869, 11320, 11368, 36, 1517, 1074, 180, 22688
2681, 728, 2, 2, 2.6, 434, 794, 844, 38, 1408, 992, 162, 1638
2700, 2254, 1.9, 1.7, 2.4, 1221, 2497, 2374, 42, 1081, 811, 150, 4871
2701, 990, 2.2, 2, 2.7, 661, 1273, 1161, 42, 1571, 970, 170, 2434
2702, 301, 2.4, 1.6, 2.4, 155, 309, 305, 46, 845, 702, 110, 614
2703, 296, 2.1, 1.8, 2.4, 158, 498, 450, 18, 1300, 804, 40, 948
2705, 4199, 2, 1.8, 2.6, 2558, 5062, 4952, 37, 1300, 977, 165, 10014
2706, 529, 1.9, 1.8, 2.5, 325, 571, 640, 37, 1170, 891, 150, 1211
2707, 699, 2.1, 2.2, 2.6, 357, 614, 697, 40, 1083, 935, 125, 1311
2710, 4998, 1.9, 1.7, 2.3, 2631, 4945, 4889, 44, 1083, 840, 140, 9834
2711, 1728, 2, 1.8, 2.4, 868, 1627, 1668, 43, 1083, 802, 120, 3295
2712, 748, 2, 1.9, 2.2, 384, 694, 714, 47, 900, 766, 108, 1408
2713, 1503, 2.1, 1.8, 2.3, 809, 1555, 1526, 45, 905, 785, 110, 3081
2714, 1239, 1.8, 1.6, 2.1, 653, 1214, 1169, 53, 1101, 709, 175, 2383
2715, 776, 2, 1.9, 2.4, 420, 790, 837, 44, 700, 848, 120, 1627
2716, 562, 2.1, 1.9, 2.3, 270, 508, 562, 47, 910, 807, 100, 1070
2717, 614, 2.1, 1.7, 2.6, 386, 701, 683, 40, 910, 842, 140, 1384
2720, 3831, 1.9, 1.8, 2.4, 2093, 3895, 3928, 40, 1500, 968, 180, 7823
2721, 185, 1.8, 2.5, 2.6, 113, 175, 175, 46, 303, 805, 68, 350
2722, 1359, 2, 1.8, 2.5, 805, 1489, 1487, 42, 1213, 887, 150, 2976
2725, 244, 1.8, 2, 2.5, 129, 226, 222, 46, 777, 775, 95, 448
2726, 182, 2.3, 2.3, 2.5, 89, 149, 155, 44, 1603, 985, 0, 304
2727, 295, 2.4, 2.4, 2.6, 157, 256, 313, 43, 1170, 989, 0, 569
2729, 843, 2, 2.1, 2.5, 492, 834, 894, 43, 1166, 913, 121, 1728
2730, 754, 1.9, 1.8, 2.2, 386, 695, 726, 47, 930, 786, 120, 1421
2731, 2669, 1.9, 1.7, 2.3, 1538, 2801, 2758, 46, 1517, 870, 220, 5559
2732, 1045, 1.8, 1.8, 2.2, 500, 932, 926, 51, 1200, 775, 135, 1858
2733, 330, 2.1, 1.8, 2.4, 165, 293, 300, 46, 770, 782, 94, 593
2735, 292, 2.2, 2.3, 2.8, 182, 307, 344, 43, 960, 942, 125, 651
2736, 240, 1.8, 1.7, 2.2, 115, 184, 219, 48, 1300, 747, 150, 403
2737, 353, 2.1, 2.1, 2.7, 211, 382, 413, 36, 1040, 1043, 135, 795
2738, 495, 2, 2, 2.8, 353, 595, 631, 36, 1603, 1227, 160, 1226
2739, 695, 1.9, 1.9, 2.5, 415, 734, 766, 38, 1300, 1018, 150, 1500
2745, 8560, 2, 2.1, 3.2, 7221, 13335, 12897, 32, 2200, 1856, 350, 26232
2747, 12962, 1.9, 1.7, 2.8, 9301, 17307, 16942, 33, 1820, 1302, 280, 34249
2748, 586, 2.1, 2.7, 3.4, 495, 931, 981, 40, 3250, 1519, 323, 1912
2749, 5319, 2, 2, 3.1, 4350, 7960, 7813, 31, 2000, 1547, 266, 15773
2750, 17406, 1.8, 1.6, 2.5, 11541, 22049, 20538, 36, 1950, 1256, 280, 42587
2752, 1603, 2.1, 2.3, 3.1, 1260, 2300, 2376, 35, 2000, 1542, 300, 4676
2753, 6375, 1.9, 2, 2.7, 4344, 8599, 8484, 37, 2000, 1264, 280, 17083
2754, 2068, 1.9, 2, 2.7, 1483, 2714, 2569, 38, 2000, 1335, 300, 5283
2756, 11856, 1.9, 2.1, 2.9, 8734, 16168, 16128, 34, 2000, 1401, 280, 32296
2757, 322, 2, 2.2, 2.7, 248, 419, 458, 42, 1800, 1585, 170, 877
2758, 3129, 2, 2.4, 3, 2305, 4253, 4275, 40, 2200, 1705, 295, 8528
2759, 8424, 1.9, 2.1, 3.2, 7380, 13278, 13222, 32, 2000, 1716, 340, 26500
2760, 10551, 1.9, 1.5, 2.7, 7195, 13656, 13375, 34, 1874, 1093, 280, 27031
2761, 8139, 2, 1.9, 3.5, 7204, 13959, 13764, 30, 2000, 1562, 350, 27723
2762, 1413, 2, 2, 2.9, 1020, 1874, 1939, 35, 2167, 1451, 328, 3813
2763, 9713, 1.9, 1.9, 3.2, 8252, 14991, 14858, 32, 2167, 1801, 360, 29849
2765, 5169, 2, 2.2, 2.9, 3827, 7125, 7716, 37, 2167, 1310, 300, 14841
2766, 4344, 2, 1.7, 3.2, 3664, 7296, 6884, 34, 2000, 1403, 320, 14180
2767, 6343, 1.9, 1.7, 3.2, 5254, 9928, 9576, 33, 2100, 1372, 240, 19504
2768, 7744, 1.9, 1.9, 3.4, 6922, 12962, 13499, 32, 2600, 2159, 490, 26461
2770, 20068, 2.1, 1.4, 3.1, 15466, 30631, 29712, 30, 1636, 950, 220, 60343
2773, 2171, 2, 1.9, 2.8, 1650, 2970, 2887, 39, 2058, 1884, 330, 5857
2774, 4780, 1.9, 1.8, 2.8, 3640, 6405, 6243, 39, 2000, 1620, 313, 12648
2775, 989, 2, 1.7, 2.2, 346, 745, 798, 45, 1733, 825, 200, 1543
2776, 1538, 1.9, 1.9, 2.8, 1140, 2045, 1945, 39, 1990, 1578, 300, 3990
2777, 6802, 1.9, 1.8, 2.7, 4940, 9264, 8519, 40, 1993, 1518, 310, 17783
2778, 993, 1.9, 1.8, 2.7, 681, 1234, 1198, 41, 1842, 1493, 300, 2432
2779, 1861, 1.8, 1.6, 2.6, 1250, 2389, 2145, 38, 1777, 1244, 277, 4534
2780, 6946, 1.8, 1.3, 2.1, 3010, 6740, 6181, 45, 1610, 877, 250, 12921
2782, 2885, 1.8, 1.5, 2.3, 1581, 3126, 2808, 48, 1880, 1001, 300, 5934
2783, 1232, 1.8, 1.5, 2.5, 762, 1500, 1387, 41, 1733, 1107, 265, 2887
2784, 544, 1.8, 1.6, 2.5, 323, 621, 594, 42, 1500, 1271, 280, 1215
2785, 2753, 1.8, 1.4, 2.2, 1130, 2374, 2195, 47, 1625, 919, 250, 4569
2786, 635, 1.7, 1.6, 2.2, 261, 488, 507, 46, 1300, 865, 250, 995
2787, 2121, 2, 1.9, 2.4, 1121, 2022, 2212, 41, 1517, 969, 170, 4234
2790, 6850, 1.8, 1.6, 2.3, 3859, 7254, 7560, 42, 1430, 874, 175, 14814
2791, 292, 2.2, 2.1, 2.6, 182, 347, 348, 39, 1744, 1233, 110, 695
2792, 247, 2.1, 2, 2.5, 138, 249, 247, 41, 1100, 894, 125, 496
2793, 630, 1.8, 2, 2.2, 327, 541, 593, 51, 975, 702, 150, 1134
2794, 4631, 2, 1.7, 2.4, 2602, 5053, 4950, 44, 1100, 792, 160, 10003
2795, 16526, 1.9, 1.8, 2.5, 10068, 19809, 20069, 36, 1634, 1143, 215, 39878
2797, 124, 1.6, 1.8, 2, 67, 118, 101, 50, 981, 945, 150, 219
2798, 906, 2, 2.2, 2.7, 642, 1163, 1220, 38, 1733, 1485, 200, 2383
2799, 1690, 1.9, 1.9, 2.5, 1011, 1941, 1901, 40, 1430, 1026, 170, 3842
2800, 17284, 1.9, 1.7, 2.5, 10662, 21112, 20250, 36, 1644, 1189, 230, 41362
2803, 174, 1.9, 2.3, 2.2, 90, 145, 158, 51, 800, 726, 0, 303
2804, 1248, 2, 1.9, 2.4, 706, 1325, 1301, 45, 1083, 812, 133, 2626
2805, 152, 1.8, 1.8, 2.3, 84, 148, 147, 47, 1092, 617, 145, 295
2806, 444, 2, 2.2, 2.3, 250, 445, 469, 47, 1000, 774, 92, 914
2807, 156, 1.9, 1.6, 2.1, 63, 128, 130, 46, 507, 574, 150, 258
2808, 225, 2.1, 2, 2.1, 57, 103, 124, 53, 800, 753, 100, 227
2809, 172, 2, 2.3, 2.6, 87, 145, 175, 43, 1387, 717, 50, 320
2810, 1467, 1.9, 1.9, 2.3, 842, 1478, 1498, 48, 867, 720, 119, 2976
2820, 3528, 2, 1.6, 2.4, 1970, 3761, 4116, 41, 1157, 758, 132, 7877
2821, 2123, 2, 1.8, 2.5, 1305, 2508, 2434, 39, 1112, 865, 160, 4942
2823, 668, 2.2, 1.9, 2.4, 371, 674, 733, 40, 652, 807, 110, 1407
2824, 1208, 1.9, 1.8, 2.3, 625, 1173, 1152, 42, 867, 842, 120, 2325
2825, 1245, 2, 1.7, 2.5, 669, 1317, 1373, 39, 1083, 913, 150, 2690
2827, 1608, 1.9, 1.8, 2.4, 958, 1874, 1711, 44, 975, 741, 126, 3585
2828, 326, 2.1, 1.6, 2.4, 166, 291, 291, 44, 1083, 653, 125, 582
2829, 1556, 2.1, 1.7, 2.5, 828, 1597, 1581, 40, 780, 839, 120, 3178
2830, 15522, 2, 1.7, 2.6, 9952, 19572, 18163, 36, 1512, 1099, 200, 37735
2831, 1800, 1.9, 2.1, 2.6, 1052, 1891, 1997, 41, 1300, 928, 55, 3888
2832, 1417, 2, 1.7, 2.6, 654, 1291, 1456, 36, 888, 966, 100, 2747
2833, 396, 2, 1.6, 2.4, 178, 360, 408, 39, 433, 905, 100, 768
2834, 1721, 1.9, 1.4, 2, 555, 1111, 1381, 48, 834, 541, 120, 2492
2835, 2187, 1.9, 1.7, 2.4, 1065, 2047, 2196, 35, 1387, 1385, 150, 4243
2836, 479, 2.2, 1.5, 2.7, 222, 469, 458, 32, 0, 817, 65, 927
2839, 624, 2.1, 1.3, 2.7, 324, 698, 717, 32, 650, 777, 90, 1415
2840, 1435, 2.1, 1.6, 2.6, 641, 1411, 1458, 35, 867, 1085, 80, 2869
2842, 257, 1.8, 1.7, 2.2, 129, 229, 222, 51, 675, 584, 111, 451
2843, 637, 2, 1.8, 2.4, 327, 626, 652, 42, 867, 788, 110, 1278
2844, 715, 2.2, 2, 2.4, 370, 711, 719, 45, 867, 712, 110, 1430
2845, 767, 2, 1.9, 2.6, 518, 913, 989, 39, 1517, 1131, 165, 1902
2846, 270, 1.9, 2.3, 2.1, 95, 171, 201, 48, 1153, 684, 100, 372
2847, 1037, 2, 1.8, 2.4, 638, 1170, 1138, 43, 1430, 902, 170, 2308
2848, 957, 1.9, 1.5, 2.2, 455, 860, 866, 45, 1000, 584, 160, 1726
2849, 1030, 1.8, 2, 2.2, 439, 790, 811, 49, 1517, 740, 160, 1601
2850, 7588, 1.9, 1.8, 2.5, 4245, 7886, 8059, 41, 1654, 985, 230, 15945
2852, 1563, 1.9, 1.9, 2.5, 916, 1647, 1712, 40, 1430, 948, 200, 3359
2864, 479, 2, 2.3, 2.7, 334, 575, 573, 42, 1400, 1241, 155, 1148
2865, 351, 2.2, 2.2, 2.4, 193, 375, 353, 39, 1300, 949, 103, 728
2866, 1188, 2.1, 2, 2.6, 773, 1439, 1358, 40, 1400, 1002, 170, 2797
2867, 290, 2, 2.1, 2.6, 179, 280, 333, 43, 780, 834, 85, 613
2868, 250, 2.1, 1.6, 2.5, 128, 275, 244, 40, 1041, 657, 90, 519
2869, 805, 2, 1.8, 2.3, 398, 727, 749, 47, 900, 673, 100, 1476
2870, 5242, 2, 1.7, 2.5, 3156, 6235, 5984, 38, 1343, 947, 160, 12219
2871, 4060, 2, 1.7, 2.4, 2352, 4494, 4397, 41, 1135, 827, 150, 8891
2873, 380, 1.9, 2.1, 2.2, 185, 314, 321, 50, 693, 648, 50, 635
2874, 213, 1.8, 2, 2.5, 108, 177, 196, 47, 433, 686, 26, 373
2875, 532, 2, 2, 2.5, 293, 514, 525, 44, 1000, 819, 75, 1039
2876, 160, 2.2, 2.1, 2.8, 76, 134, 173, 43, 710, 718, 100, 307
2877, 2034, 2, 1.8, 2.4, 1089, 2043, 2079, 40, 867, 832, 120, 4122
2878, 123, 1.8, 1.3, 2.1, 41, 83, 117, 37, 200, 862, 95, 200
2879, 619, 1.8, 1.7, 2.1, 218, 385, 475, 44, 542, 780, 63, 860
2880, 10002, 1.8, 1.5, 2.2, 5040, 9806, 9404, 43, 953, 791, 150, 19210
3500, 13945, 1.9, 1.6, 2.4, 7967, 16044, 14604, 37, 1300, 854, 180, 30648
3585, 4872, 2, 1.6, 2.4, 2778, 5499, 5246, 38, 1300, 894, 170, 10745
3586, 320, 2.1, 2.5, 2.8, 207, 363, 388, 39, 1452, 951, 150, 751
3644, 3973, 2, 1.7, 2.4, 2347, 4407, 4374, 42, 1300, 835, 173, 8781
3691, 3018, 2, 2.4, 2.8, 2240, 4056, 4340, 37, 1649, 1407, 203, 8396
3707, 880, 1.8, 1.8, 2.2, 454, 858, 840, 48, 867, 708, 130, 1698
4370, 7550, 2, 1.8, 2.5, 4680, 8932, 8306, 40, 1300, 884, 215, 17238
4380, 3764, 1.9, 1.7, 2.3, 2079, 3970, 3733, 46, 1300, 782, 180, 7703
5440, 344, 1.9, 2.6, 2.1, 106, 205, 287, 47, 303, 918, 33, 492
